{"schemaVersion":"1.0","appDefinitionTemplate":{"id":"/providers/Microsoft.PowerApps/apps/","type":"Microsoft.PowerApps/apps","tags":{"primaryDeviceWidth":"1366","primaryDeviceHeight":"768","sienaVersion":"20200506T123612Z-3.20023.8.0","deviceCapabilities":"","supportsPortrait":"false","supportsLandscape":"true","primaryFormFactor":"Tablet","publisherVersion":"3.20023.8","minimumRequiredApiVersion":"2.2.0","hasComponent":"false","hasUnlockedComponent":"false"},"properties":{"appVersion":"2020-05-06T12:36:12Z","lifeCycleId":"Published","createdByClientVersion":{"major":3,"minor":20023,"build":8,"revision":0,"majorRevision":0,"minorRevision":0},"minClientVersion":{"major":3,"minor":20023,"build":8,"revision":0,"majorRevision":0,"minorRevision":0},"backgroundColor":"rgba(0, 176, 240, 1)","backgroundImageUri":"/6006591095511291006/N8103a0bb-6661-4650-bdb8-69148ced5d60-logoSmallFile","displayName":"Authorization Allotment Calculator","description":"","commitMessage":"","appUris":{"documentUri":{"value":"/6006591095511291006/N18a845e2-0dc8-42d8-a62e-4378290a12af-document.msapp","readonlyValue":"/6006591095511291006/N18a845e2-0dc8-42d8-a62e-4378290a12af-document.msapp"},"imageUris":[]},"createdTime":"0001-01-01T00:00:00Z","lastModifiedTime":"0001-01-01T00:00:00Z","sharedGroupsCount":0,"sharedUsersCount":0,"icons":{"smallIconUri":"/6006591095511291006/N948f1232-1ec3-4356-ad49-9741c81cfebc-small.png","mediumIconUri":"/6006591095511291006/Nf8bd4005-0b70-4f63-b1f6-f4aa65c68749-medium.png","largeIconUri":"/6006591095511291006/Nb78df3f5-4fbf-4a8d-a8c7-e4bd95cce7c5-large.png","wideIconUri":"/6006591095511291006/N46b76001-6e2c-45f2-8cf5-dadd66d372e7-wide.png"},"connectionReferences":{},"databaseReferences":{},"almMode":"Environment","performanceOptimizationEnabled":false},"isAppComponentLibrary":false,"appType":"ClassicCanvasApp","appComponents":[]}}